/*
 Navicat MySQL Data Transfer

 Source Server         : myblog
 Source Server Type    : MySQL
 Source Server Version : 50726
 Source Host           : localhost:3306
 Source Schema         : my_book

 Target Server Type    : MySQL
 Target Server Version : 50726
 File Encoding         : 65001

 Date: 17/01/2020 17:32:10
*/

SET NAMES utf8mb4;
SET FOREIGN_KEY_CHECKS = 0;

-- ----------------------------
-- Table structure for admin
-- ----------------------------
DROP TABLE IF EXISTS `admin`;
CREATE TABLE `admin`  (
  `id` int(11) NOT NULL AUTO_INCREMENT,
  `username` varchar(255) CHARACTER SET utf8 COLLATE utf8_general_ci NOT NULL,
  `password` varchar(255) CHARACTER SET utf8 COLLATE utf8_general_ci NOT NULL,
  `logintime` datetime(6) NULL DEFAULT NULL,
  `avatar` varchar(255) CHARACTER SET utf8 COLLATE utf8_general_ci NULL DEFAULT NULL,
  PRIMARY KEY (`id`) USING BTREE
) ENGINE = MyISAM AUTO_INCREMENT = 2 CHARACTER SET = utf8 COLLATE = utf8_general_ci ROW_FORMAT = Dynamic;

-- ----------------------------
-- Records of admin
-- ----------------------------
INSERT INTO `admin` VALUES (1, 'admin', 'ff57fddeb2732054faf38544f6049018', NULL, '超级管理员');

-- ----------------------------
-- Table structure for author_uaers
-- ----------------------------
DROP TABLE IF EXISTS `author_uaers`;
CREATE TABLE `author_uaers`  (
  `author_id` int(11) NOT NULL,
  `user_name` varchar(255) CHARACTER SET utf8 COLLATE utf8_general_ci NULL DEFAULT NULL COMMENT '名称',
  `cellphone` varchar(255) CHARACTER SET utf8 COLLATE utf8_general_ci NULL DEFAULT NULL COMMENT '手机号',
  `grade_id` int(10) NULL DEFAULT NULL COMMENT '等级id',
  PRIMARY KEY (`author_id`) USING BTREE
) ENGINE = MyISAM CHARACTER SET = utf8 COLLATE = utf8_general_ci ROW_FORMAT = Dynamic;

-- ----------------------------
-- Table structure for banner
-- ----------------------------
DROP TABLE IF EXISTS `banner`;
CREATE TABLE `banner`  (
  `id` int(10) NOT NULL AUTO_INCREMENT COMMENT 'banner id',
  `banner_img` varchar(200) CHARACTER SET utf8 COLLATE utf8_general_ci NULL DEFAULT NULL COMMENT 'banner图片路径',
  `name` varchar(30) CHARACTER SET utf8 COLLATE utf8_general_ci NULL DEFAULT '' COMMENT 'banner名',
  `start_time` datetime(0) NULL DEFAULT NULL COMMENT '开始时间',
  `end_time` datetime(0) NULL DEFAULT NULL COMMENT '结束时间',
  `is_display` varchar(10) CHARACTER SET utf8 COLLATE utf8_general_ci NULL DEFAULT '' COMMENT 'Y显示，N不显示',
  `createtime` datetime(6) NULL DEFAULT NULL COMMENT '创建时间',
  `uptime` datetime(0) NULL DEFAULT NULL ON UPDATE CURRENT_TIMESTAMP(0) COMMENT '更新时间',
  PRIMARY KEY (`id`) USING BTREE
) ENGINE = MyISAM AUTO_INCREMENT = 15 CHARACTER SET = utf8 COLLATE = utf8_general_ci ROW_FORMAT = Dynamic;

-- ----------------------------
-- Records of banner
-- ----------------------------
INSERT INTO `banner` VALUES (12, '/banner_3.jpg', '666666666', '2019-12-23 00:00:00', '2020-02-01 00:00:00', 'N', NULL, '2020-01-08 14:40:33');
INSERT INTO `banner` VALUES (13, '/banner_4.jpg', 'hahahh', '2019-12-26 00:00:00', '2020-01-31 00:00:00', 'Y', NULL, '2020-01-08 14:40:38');

-- ----------------------------
-- Table structure for book
-- ----------------------------
DROP TABLE IF EXISTS `book`;
CREATE TABLE `book`  (
  `id` int(11) NOT NULL AUTO_INCREMENT COMMENT '书id',
  `bookname` varchar(32) CHARACTER SET gbk COLLATE gbk_chinese_ci NOT NULL COMMENT '书名',
  `images` varchar(200) CHARACTER SET gbk COLLATE gbk_chinese_ci NOT NULL COMMENT '图片路径',
  `author` varchar(11) CHARACTER SET gbk COLLATE gbk_chinese_ci NOT NULL COMMENT '作者',
  `sortid` int(11) NOT NULL COMMENT '类型id 1、玄幻，2、言情、3历史、4都市、5文学、6动漫',
  `createtime` datetime(6) NULL DEFAULT NULL COMMENT '创建时间',
  `is_display` varchar(10) CHARACTER SET gbk COLLATE gbk_chinese_ci NOT NULL DEFAULT 'Y' COMMENT '是否上架 Y上架，N下架',
  `description` varchar(500) CHARACTER SET gbk COLLATE gbk_chinese_ci NULL DEFAULT NULL COMMENT '简介',
  `uptime` datetime(6) NULL DEFAULT NULL ON UPDATE CURRENT_TIMESTAMP(6) COMMENT '更新时间',
  `price` float(20, 1) NOT NULL DEFAULT 0.0 COMMENT '价格',
  `vip_price` float(10, 1) NULL DEFAULT 0.0 COMMENT 'vip价格',
  `is_free` varchar(255) CHARACTER SET gbk COLLATE gbk_chinese_ci NULL DEFAULT NULL COMMENT '是否免费 Y:免费 N:付费',
  `renqun_type` varchar(255) CHARACTER SET gbk COLLATE gbk_chinese_ci NULL DEFAULT NULL COMMENT '男-女 M:男 W女',
  `book_type_id` int(11) NULL DEFAULT NULL COMMENT '书本前端显示类型',
  `collection` int(255) NULL DEFAULT NULL COMMENT '收藏人数',
  PRIMARY KEY (`id`) USING BTREE
) ENGINE = MyISAM AUTO_INCREMENT = 163 CHARACTER SET = gbk COLLATE = gbk_chinese_ci ROW_FORMAT = Dynamic;

-- ----------------------------
-- Records of book
-- ----------------------------
INSERT INTO `book` VALUES (1, '我的书本42', '/1577506514378.png', '风花雪月42', 1, '2019-12-28 21:16:08.668767', 'Y', '天龙八部是金庸大神所写，是一本传奇的武侠小说天龙八部是金庸大神所写，是一本传奇的武侠小说天龙八部是金庸大神所写，是一本传奇的武侠小说', '2020-01-14 11:06:21.482192', 10.0, 10.0, 'N', 'M', 1, 10);
INSERT INTO `book` VALUES (6, '我的书本', '/1577506514378.png', '风花雪月', 1, '2019-12-28 21:16:08.682229', 'Y', '天龙八部是金庸大神所写，是一本传奇的武侠小说天龙八部是金庸大神所写，是一本传奇的武侠小说天龙八部是金庸大神所写，是一本传奇的武侠小说', '2020-01-14 11:06:21.482192', 20.5, 10.0, 'N', 'W', 2, 12);
INSERT INTO `book` VALUES (5, '新增书籍', '/1577506514378.png', '我的名字', 1, '2019-12-28 21:16:08.683525', 'Y', '天龙八部是金庸大神所写，是一本传奇的武侠小说天龙八部是金庸大神所写，是一本传奇的武侠小说天龙八部是金庸大神所写，是一本传奇的武侠小说', '2020-01-14 11:06:21.482192', 0.0, 0.0, 'Y', 'M', 3, 1);
INSERT INTO `book` VALUES (7, '新增二书', '/1577506514378.png', '我的名字2', 2, '2019-12-28 21:16:08.685303', 'Y', '天龙八部是金庸大神所写，是一本传奇的武侠小说天龙八部是金庸大神所写，是一本传奇的武侠小说天龙八部是金庸大神所写，是一本传奇的武侠小说', '2020-01-14 11:06:21.482192', 0.0, 0.0, 'Y', 'W', 4, 2);
INSERT INTO `book` VALUES (8, '我的书本', '/1577506514378.png', '风花雪月', 1, '2019-12-28 21:16:08.687120', 'Y', '天龙八部是金庸大神所写，是一本传奇的武侠小说天龙八部是金庸大神所写，是一本传奇的武侠小说天龙八部是金庸大神所写，是一本传奇的武侠小说', '2020-01-14 11:06:21.482192', 0.0, 0.0, 'Y', 'M', 1, 23);
INSERT INTO `book` VALUES (9, 'mysqls', '/1577506514378.png', '测试', 2, '2019-12-28 21:16:08.688536', 'Y', '天龙八部是金庸大神所写，是一本传奇的武侠小说天龙八部是金庸大神所写，是一本传奇的武侠小说天龙八部是金庸大神所写，是一本传奇的武侠小说', '2020-01-14 11:06:21.482192', 0.0, 0.0, 'Y', 'W', 2, 26);
INSERT INTO `book` VALUES (10, '新增2', '/1577506514378.png', '我d', 2, '2019-12-28 21:16:08.690195', 'Y', '天龙八部是金庸大神所写，是一本传奇的武侠小说天龙八部是金庸大神所写，是一本传奇的武侠小说天龙八部是金庸大神所写，是一本传奇的武侠小说', '2020-01-14 11:06:21.482192', 2.0, 10.0, 'N', 'M', 3, 14);
INSERT INTO `book` VALUES (11, '历史', '/1577506514378.png', '历史', 4, '2019-12-28 21:16:08.692500', 'Y', '天龙八部是金庸大神所写，是一本传奇的武侠小说天龙八部是金庸大神所写，是一本传奇的武侠小说天龙八部是金庸大神所写，是一本传奇的武侠小说', '2020-01-14 11:06:21.482192', 11.0, 10.0, 'N', 'W', 4, 15);
INSERT INTO `book` VALUES (12, '测试时间', '/1577506514378.png', '测试时间', 4, '2019-12-28 21:15:25.994000', 'Y', '天龙八部是金庸大神所写，是一本传奇的武侠小说天龙八部是金庸大神所写，是一本传奇的武侠小说天龙八部是金庸大神所写，是一本传奇的武侠小说', '2020-01-14 11:06:21.482192', 12.0, 10.0, 'N', 'M', 1, 16);
INSERT INTO `book` VALUES (13, '66666', '/1577506514378.png', '666', 4, '2019-12-28 22:35:37.566000', 'Y', '天龙八部是金庸大神所写，是一本传奇的武侠小说天龙八部是金庸大神所写，是一本传奇的武侠小说天龙八部是金庸大神所写，是一本传奇的武侠小说', '2020-01-14 11:06:21.482192', 23.0, 10.0, 'Y', 'W', 2, 36);
INSERT INTO `book` VALUES (14, '12323', '/1577506514378.png', '23232', 5, '2019-12-28 22:46:39.353000', 'Y', '天龙八部是金庸大神所写，是一本传奇的武侠小说天龙八部是金庸大神所写，是一本传奇的武侠小说天龙八部是金庸大神所写，是一本传奇的武侠小说', '2020-01-14 11:06:21.482192', 23.0, 10.0, 'N', 'M', 3, 15);
INSERT INTO `book` VALUES (15, 'CEFEEC', '/1577506514378.png', 'ECEEC', 2, '2019-12-28 23:07:34.437000', 'N', '天龙八部是金庸大神所写，是一本传奇的武侠小说天龙八部是金庸大神所写，是一本传奇的武侠小说天龙八部是金庸大神所写，是一本传奇的武侠小说', '2020-01-14 11:06:21.482192', 12.0, 10.0, 'N', 'W', 4, 15);
INSERT INTO `book` VALUES (16, 'asdfa', '/1577506514378.png', 'asdf', 1, '2020-01-03 11:57:41.944000', 'Y', '天龙八部是金庸大神所写，是一本传奇的武侠小说天龙八部是金庸大神所写，是一本传奇的武侠小说天龙八部是金庸大神所写，是一本传奇的武侠小说', '2020-01-14 11:06:21.482192', 10.0, 5.0, 'N', 'W', 2, 15);
INSERT INTO `book` VALUES (17, 'erewr', '/1577506514378.png', 'ewrw', 2, '2020-01-03 12:05:10.297000', 'Y', '天龙八部是金庸大神所写，是一本传奇的武侠小说天龙八部是金庸大神所写，是一本传奇的武侠小说天龙八部是金庸大神所写，是一本传奇的武侠小说', '2020-01-14 11:06:21.482192', 0.0, 0.0, 'Y', 'W', 3, 15);
INSERT INTO `book` VALUES (18, '343', '/1577506514378.png', '432', 3, '2020-01-03 12:07:09.742000', 'Y', '天龙八部是金庸大神所写，是一本传奇的武侠小说天龙八部是金庸大神所写，是一本传奇的武侠小说天龙八部是金庸大神所写，是一本传奇的武侠小说', '2020-01-14 11:06:21.482192', 0.0, 0.0, 'Y', 'M', 1, 15);
INSERT INTO `book` VALUES (19, 'cccc', '/1577506514378.png', 'ccc', 5, '2020-01-03 12:08:13.193000', 'Y', '天龙八部是金庸大神所写，是一本传奇的武侠小说天龙八部是金庸大神所写，是一本传奇的武侠小说天龙八部是金庸大神所写，是一本传奇的武侠小说', '2020-01-14 11:06:21.482192', 23.0, 2.0, 'N', 'W', 3, 15);
INSERT INTO `book` VALUES (23, '天龙八部', '/1577506514378.png', '金庸', 1, '2020-01-13 17:21:53.608748', 'Y', '天龙八部是金庸大神所写，是一本传奇的武侠小说天龙八部是金庸大神所写，是一本传奇的武侠小说天龙八部是金庸大神所写，是一本传奇的武侠小说', '2020-01-14 11:06:21.482192', 5.0, 0.0, 'N', 'M', 1, 15);
INSERT INTO `book` VALUES (24, '天龙八部', '/1577506514378.png', '金庸', 1, '2020-01-13 17:21:53.608748', 'Y', '天龙八部是金庸大神所写，是一本传奇的武侠小说天龙八部是金庸大神所写，是一本传奇的武侠小说天龙八部是金庸大神所写，是一本传奇的武侠小说', '2020-01-14 11:06:21.482192', 5.0, 0.0, 'N', 'M', 1, 15);
INSERT INTO `book` VALUES (25, '天龙八部', '/1577506514378.png', '金庸', 1, '2020-01-13 17:21:53.608748', 'Y', '天龙八部是金庸大神所写，是一本传奇的武侠小说天龙八部是金庸大神所写，是一本传奇的武侠小说天龙八部是金庸大神所写，是一本传奇的武侠小说', '2020-01-14 11:06:21.482192', 5.0, 0.0, 'N', 'M', 1, 15);
INSERT INTO `book` VALUES (26, '天龙八部', '/1577506514378.png', '金庸', 1, '2020-01-13 17:21:53.608748', 'Y', '天龙八部是金庸大神所写，是一本传奇的武侠小说天龙八部是金庸大神所写，是一本传奇的武侠小说天龙八部是金庸大神所写，是一本传奇的武侠小说', '2020-01-14 11:06:21.482192', 5.0, 0.0, 'N', 'M', 1, 15);
INSERT INTO `book` VALUES (27, '天龙八部', '/1577506514378.png', '金庸', 1, '2020-01-13 17:21:53.608748', 'Y', '天龙八部是金庸大神所写，是一本传奇的武侠小说天龙八部是金庸大神所写，是一本传奇的武侠小说天龙八部是金庸大神所写，是一本传奇的武侠小说', '2020-01-14 11:06:21.482192', 5.0, 0.0, 'N', 'M', 1, 15);
INSERT INTO `book` VALUES (28, '天龙八部', '/1577506514378.png', '金庸', 1, '2020-01-13 17:21:53.608748', 'Y', '天龙八部是金庸大神所写，是一本传奇的武侠小说天龙八部是金庸大神所写，是一本传奇的武侠小说天龙八部是金庸大神所写，是一本传奇的武侠小说', '2020-01-14 11:06:21.482192', 5.0, 0.0, 'N', 'M', 1, 15);
INSERT INTO `book` VALUES (29, '天龙八部', '/1577506514378.png', '金庸', 1, '2020-01-13 17:21:53.608748', 'Y', '天龙八部是金庸大神所写，是一本传奇的武侠小说天龙八部是金庸大神所写，是一本传奇的武侠小说天龙八部是金庸大神所写，是一本传奇的武侠小说', '2020-01-14 11:06:21.482192', 5.0, 0.0, 'N', 'M', 1, 15);
INSERT INTO `book` VALUES (30, '天龙八部', '/1577506514378.png', '金庸', 1, '2020-01-13 17:21:53.608748', 'Y', '天龙八部是金庸大神所写，是一本传奇的武侠小说天龙八部是金庸大神所写，是一本传奇的武侠小说天龙八部是金庸大神所写，是一本传奇的武侠小说', '2020-01-14 11:06:21.482192', 5.0, 0.0, 'N', 'M', 1, 15);
INSERT INTO `book` VALUES (31, '天龙八部', '/1577506514378.png', '金庸', 1, '2020-01-13 17:21:53.608748', 'Y', '天龙八部是金庸大神所写，是一本传奇的武侠小说天龙八部是金庸大神所写，是一本传奇的武侠小说天龙八部是金庸大神所写，是一本传奇的武侠小说', '2020-01-14 11:06:21.482192', 5.0, 0.0, 'N', 'M', 1, 15);
INSERT INTO `book` VALUES (32, '天龙八部', '/1577506514378.png', '金庸', 1, '2020-01-13 17:21:53.608748', 'Y', '天龙八部是金庸大神所写，是一本传奇的武侠小说天龙八部是金庸大神所写，是一本传奇的武侠小说天龙八部是金庸大神所写，是一本传奇的武侠小说', '2020-01-14 11:06:21.482192', 5.0, 0.0, 'N', 'M', 1, 15);
INSERT INTO `book` VALUES (33, '天龙八部', '/1577506514378.png', '金庸', 1, '2020-01-13 17:21:53.608748', 'Y', '天龙八部是金庸大神所写，是一本传奇的武侠小说天龙八部是金庸大神所写，是一本传奇的武侠小说天龙八部是金庸大神所写，是一本传奇的武侠小说', '2020-01-14 11:06:21.482192', 5.0, 0.0, 'N', 'M', 1, 15);
INSERT INTO `book` VALUES (34, '天龙八部', '/1577506514378.png', '金庸', 1, '2020-01-13 17:21:53.608748', 'Y', '天龙八部是金庸大神所写，是一本传奇的武侠小说天龙八部是金庸大神所写，是一本传奇的武侠小说天龙八部是金庸大神所写，是一本传奇的武侠小说', '2020-01-14 11:06:21.482192', 5.0, 0.0, 'N', 'M', 1, 15);
INSERT INTO `book` VALUES (35, '天龙八部', '/1577506514378.png', '金庸', 1, '2020-01-13 17:21:53.608748', 'Y', '天龙八部是金庸大神所写，是一本传奇的武侠小说天龙八部是金庸大神所写，是一本传奇的武侠小说天龙八部是金庸大神所写，是一本传奇的武侠小说', '2020-01-14 11:06:21.482192', 5.0, 0.0, 'N', 'M', 1, 15);
INSERT INTO `book` VALUES (36, '天龙八部', '/1577506514378.png', '金庸', 1, '2020-01-13 17:21:53.608748', 'Y', '天龙八部是金庸大神所写，是一本传奇的武侠小说天龙八部是金庸大神所写，是一本传奇的武侠小说天龙八部是金庸大神所写，是一本传奇的武侠小说', '2020-01-14 11:06:21.482192', 5.0, 0.0, 'N', 'M', 1, 15);
INSERT INTO `book` VALUES (37, '天龙八部', '/1577506514378.png', '金庸', 1, '2020-01-13 17:21:53.608748', 'Y', '天龙八部是金庸大神所写，是一本传奇的武侠小说天龙八部是金庸大神所写，是一本传奇的武侠小说天龙八部是金庸大神所写，是一本传奇的武侠小说', '2020-01-14 11:06:21.482192', 5.0, 0.0, 'N', 'M', 1, 15);
INSERT INTO `book` VALUES (38, '天龙八部', '/1577506514378.png', '金庸', 1, '2020-01-13 17:21:53.608748', 'Y', '天龙八部是金庸大神所写，是一本传奇的武侠小说天龙八部是金庸大神所写，是一本传奇的武侠小说天龙八部是金庸大神所写，是一本传奇的武侠小说', '2020-01-14 11:06:21.482192', 5.0, 0.0, 'N', 'M', 1, 15);
INSERT INTO `book` VALUES (39, '天龙八部', '/1577506514378.png', '金庸', 1, '2020-01-13 17:21:53.608748', 'Y', '天龙八部是金庸大神所写，是一本传奇的武侠小说天龙八部是金庸大神所写，是一本传奇的武侠小说天龙八部是金庸大神所写，是一本传奇的武侠小说', '2020-01-14 11:06:21.482192', 5.0, 0.0, 'N', 'M', 1, 15);
INSERT INTO `book` VALUES (40, '天龙八部', '/1577506514378.png', '金庸', 1, '2020-01-13 17:21:53.608748', 'Y', '天龙八部是金庸大神所写，是一本传奇的武侠小说天龙八部是金庸大神所写，是一本传奇的武侠小说天龙八部是金庸大神所写，是一本传奇的武侠小说', '2020-01-14 11:06:21.482192', 5.0, 0.0, 'N', 'M', 1, 15);
INSERT INTO `book` VALUES (41, '天龙八部', '/1577506514378.png', '金庸', 1, '2020-01-13 17:21:53.608748', 'Y', '天龙八部是金庸大神所写，是一本传奇的武侠小说天龙八部是金庸大神所写，是一本传奇的武侠小说天龙八部是金庸大神所写，是一本传奇的武侠小说', '2020-01-14 11:06:21.482192', 5.0, 0.0, 'N', 'M', 1, 15);
INSERT INTO `book` VALUES (42, '天龙八部', '/1577506514378.png', '金庸', 1, '2020-01-13 17:21:53.608748', 'Y', '天龙八部是金庸大神所写，是一本传奇的武侠小说天龙八部是金庸大神所写，是一本传奇的武侠小说天龙八部是金庸大神所写，是一本传奇的武侠小说', '2020-01-14 11:06:21.482192', 5.0, 0.0, 'N', 'M', 1, 15);
INSERT INTO `book` VALUES (43, '天龙八部', '/1577506514378.png', '金庸', 1, '2020-01-13 17:21:53.608748', 'Y', '天龙八部是金庸大神所写，是一本传奇的武侠小说天龙八部是金庸大神所写，是一本传奇的武侠小说天龙八部是金庸大神所写，是一本传奇的武侠小说', '2020-01-14 11:06:21.482192', 5.0, 0.0, 'N', 'M', 2, 1);
INSERT INTO `book` VALUES (44, '天龙八部', '/1577506514378.png', '金庸', 1, '2020-01-13 17:21:53.608748', 'Y', '天龙八部是金庸大神所写，是一本传奇的武侠小说天龙八部是金庸大神所写，是一本传奇的武侠小说天龙八部是金庸大神所写，是一本传奇的武侠小说', '2020-01-14 11:06:21.482192', 5.0, 0.0, 'N', 'M', 2, 7);
INSERT INTO `book` VALUES (45, '天龙八部', '/1577506514378.png', '金庸', 1, '2020-01-13 17:21:53.608748', 'Y', '天龙八部是金庸大神所写，是一本传奇的武侠小说天龙八部是金庸大神所写，是一本传奇的武侠小说天龙八部是金庸大神所写，是一本传奇的武侠小说', '2020-01-14 11:06:21.482192', 5.0, 0.0, 'N', 'M', 2, 20);
INSERT INTO `book` VALUES (46, '天龙八部', '/1577506514378.png', '金庸', 1, '2020-01-13 17:21:53.608748', 'Y', '天龙八部是金庸大神所写，是一本传奇的武侠小说天龙八部是金庸大神所写，是一本传奇的武侠小说天龙八部是金庸大神所写，是一本传奇的武侠小说', '2020-01-14 11:06:21.482192', 5.0, 0.0, 'N', 'M', 2, 20);
INSERT INTO `book` VALUES (47, '章节：天龙八部', '/1577506514378.png', '金庸', 1, '2020-01-13 17:21:53.608748', 'Y', '天龙八部是金庸大神所写，是一本传奇的武侠小说天龙八部是金庸大神所写，是一本传奇的武侠小说天龙八部是金庸大神所写，是一本传奇的武侠小说', '2020-01-17 16:34:57.754705', 5.0, 0.0, 'N', 'M', 2, 1001);
INSERT INTO `book` VALUES (48, '天龙八部', '/1577506514378.png', '金庸', 1, '2020-01-13 17:21:53.608748', 'Y', '天龙八部是金庸大神所写，是一本传奇的武侠小说天龙八部是金庸大神所写，是一本传奇的武侠小说天龙八部是金庸大神所写，是一本传奇的武侠小说', '2020-01-14 11:06:21.482192', 5.0, 0.0, 'N', 'M', 2, 20);
INSERT INTO `book` VALUES (49, '天龙八部', '/1577506514378.png', '金庸', 1, '2020-01-13 17:21:53.608748', 'Y', '天龙八部是金庸大神所写，是一本传奇的武侠小说天龙八部是金庸大神所写，是一本传奇的武侠小说天龙八部是金庸大神所写，是一本传奇的武侠小说', '2020-01-14 11:06:21.482192', 5.0, 0.0, 'N', 'M', 2, 20);
INSERT INTO `book` VALUES (50, '天龙八部', '/1577506514378.png', '金庸', 1, '2020-01-13 17:21:53.608748', 'Y', '天龙八部是金庸大神所写，是一本传奇的武侠小说天龙八部是金庸大神所写，是一本传奇的武侠小说天龙八部是金庸大神所写，是一本传奇的武侠小说', '2020-01-14 11:06:21.482192', 5.0, 0.0, 'N', 'M', 2, 20);
INSERT INTO `book` VALUES (51, '天龙八部', '/1577506514378.png', '金庸', 1, '2020-01-13 17:21:53.608748', 'Y', '天龙八部是金庸大神所写，是一本传奇的武侠小说天龙八部是金庸大神所写，是一本传奇的武侠小说天龙八部是金庸大神所写，是一本传奇的武侠小说', '2020-01-14 11:06:21.482192', 5.0, 0.0, 'N', 'M', 2, 20);
INSERT INTO `book` VALUES (52, '天龙八部', '/1577506514378.png', '金庸', 1, '2020-01-13 17:21:53.608748', 'Y', '天龙八部是金庸大神所写，是一本传奇的武侠小说天龙八部是金庸大神所写，是一本传奇的武侠小说天龙八部是金庸大神所写，是一本传奇的武侠小说', '2020-01-14 11:06:21.482192', 5.0, 0.0, 'N', 'M', 2, 20);
INSERT INTO `book` VALUES (53, '天龙八部', '/1577506514378.png', '金庸', 1, '2020-01-13 17:21:53.608748', 'Y', '天龙八部是金庸大神所写，是一本传奇的武侠小说天龙八部是金庸大神所写，是一本传奇的武侠小说天龙八部是金庸大神所写，是一本传奇的武侠小说', '2020-01-14 11:06:21.482192', 5.0, 0.0, 'N', 'M', 2, 20);
INSERT INTO `book` VALUES (54, '天龙八部', '/1577506514378.png', '金庸', 1, '2020-01-13 17:21:53.608748', 'Y', '天龙八部是金庸大神所写，是一本传奇的武侠小说天龙八部是金庸大神所写，是一本传奇的武侠小说天龙八部是金庸大神所写，是一本传奇的武侠小说', '2020-01-14 11:06:21.482192', 5.0, 0.0, 'N', 'M', 2, 20);
INSERT INTO `book` VALUES (55, '天龙八部', '/1577506514378.png', '金庸', 1, '2020-01-13 17:21:53.608748', 'Y', '天龙八部是金庸大神所写，是一本传奇的武侠小说天龙八部是金庸大神所写，是一本传奇的武侠小说天龙八部是金庸大神所写，是一本传奇的武侠小说', '2020-01-14 11:06:21.482192', 5.0, 0.0, 'N', 'M', 2, 20);
INSERT INTO `book` VALUES (56, '天龙八部', '/1577506514378.png', '金庸', 1, '2020-01-13 17:21:53.608748', 'Y', '天龙八部是金庸大神所写，是一本传奇的武侠小说天龙八部是金庸大神所写，是一本传奇的武侠小说天龙八部是金庸大神所写，是一本传奇的武侠小说', '2020-01-14 11:06:21.482192', 5.0, 0.0, 'N', 'M', 2, 20);
INSERT INTO `book` VALUES (57, '天龙八部', '/1577506514378.png', '金庸', 1, '2020-01-13 17:21:53.608748', 'Y', '天龙八部是金庸大神所写，是一本传奇的武侠小说天龙八部是金庸大神所写，是一本传奇的武侠小说天龙八部是金庸大神所写，是一本传奇的武侠小说', '2020-01-14 11:06:21.482192', 5.0, 0.0, 'N', 'M', 2, 20);
INSERT INTO `book` VALUES (58, '天龙八部', '/1577506514378.png', '金庸', 1, '2020-01-13 17:21:53.608748', 'Y', '天龙八部是金庸大神所写，是一本传奇的武侠小说天龙八部是金庸大神所写，是一本传奇的武侠小说天龙八部是金庸大神所写，是一本传奇的武侠小说', '2020-01-14 11:06:21.482192', 5.0, 0.0, 'N', 'M', 2, 20);
INSERT INTO `book` VALUES (59, '天龙八部', '/1577506514378.png', '金庸', 1, '2020-01-13 17:21:53.608748', 'Y', '天龙八部是金庸大神所写，是一本传奇的武侠小说天龙八部是金庸大神所写，是一本传奇的武侠小说天龙八部是金庸大神所写，是一本传奇的武侠小说', '2020-01-14 11:06:21.482192', 5.0, 0.0, 'N', 'M', 2, 20);
INSERT INTO `book` VALUES (60, '天龙八部', '/1577506514378.png', '金庸', 1, '2020-01-13 17:21:53.608748', 'Y', '天龙八部是金庸大神所写，是一本传奇的武侠小说天龙八部是金庸大神所写，是一本传奇的武侠小说天龙八部是金庸大神所写，是一本传奇的武侠小说', '2020-01-14 11:06:21.482192', 5.0, 0.0, 'N', 'M', 2, 20);
INSERT INTO `book` VALUES (61, '天龙八部', '/1577506514378.png', '金庸', 1, '2020-01-13 17:21:53.608748', 'Y', '天龙八部是金庸大神所写，是一本传奇的武侠小说天龙八部是金庸大神所写，是一本传奇的武侠小说天龙八部是金庸大神所写，是一本传奇的武侠小说', '2020-01-14 11:06:21.482192', 5.0, 0.0, 'N', 'M', 2, 20);
INSERT INTO `book` VALUES (62, '天龙八部', '/1577506514378.png', '金庸', 1, '2020-01-13 17:21:53.608748', 'Y', '天龙八部是金庸大神所写，是一本传奇的武侠小说天龙八部是金庸大神所写，是一本传奇的武侠小说天龙八部是金庸大神所写，是一本传奇的武侠小说', '2020-01-14 11:06:21.482192', 5.0, 0.0, 'N', 'M', 2, 20);
INSERT INTO `book` VALUES (63, '天龙八部', '/1577506514378.png', '金庸', 1, '2020-01-13 17:21:53.608748', 'Y', '天龙八部是金庸大神所写，是一本传奇的武侠小说天龙八部是金庸大神所写，是一本传奇的武侠小说天龙八部是金庸大神所写，是一本传奇的武侠小说', '2020-01-14 11:06:21.482192', 5.0, 0.0, 'N', 'M', 2, 20);
INSERT INTO `book` VALUES (64, '天龙八部', '/1577506514378.png', '金庸', 1, '2020-01-13 17:21:53.608748', 'Y', '天龙八部是金庸大神所写，是一本传奇的武侠小说天龙八部是金庸大神所写，是一本传奇的武侠小说天龙八部是金庸大神所写，是一本传奇的武侠小说', '2020-01-14 11:06:21.482192', 5.0, 0.0, 'N', 'M', 2, 20);
INSERT INTO `book` VALUES (65, '天龙八部', '/1577506514378.png', '金庸', 1, '2020-01-13 17:21:53.608748', 'Y', '天龙八部是金庸大神所写，是一本传奇的武侠小说天龙八部是金庸大神所写，是一本传奇的武侠小说天龙八部是金庸大神所写，是一本传奇的武侠小说', '2020-01-14 11:06:21.482192', 5.0, 0.0, 'N', 'M', 2, 20);
INSERT INTO `book` VALUES (66, '天龙八部', '/1577506514378.png', '金庸', 1, '2020-01-13 17:21:53.608748', 'Y', '天龙八部是金庸大神所写，是一本传奇的武侠小说天龙八部是金庸大神所写，是一本传奇的武侠小说天龙八部是金庸大神所写，是一本传奇的武侠小说', '2020-01-14 11:06:21.482192', 5.0, 0.0, 'N', 'M', 2, 20);
INSERT INTO `book` VALUES (67, '天龙八部', '/1577506514378.png', '金庸', 1, '2020-01-13 17:21:53.608748', 'Y', '天龙八部是金庸大神所写，是一本传奇的武侠小说天龙八部是金庸大神所写，是一本传奇的武侠小说天龙八部是金庸大神所写，是一本传奇的武侠小说', '2020-01-14 11:06:21.482192', 5.0, 0.0, 'N', 'M', 3, 20);
INSERT INTO `book` VALUES (68, '天龙八部', '/1577506514378.png', '金庸', 1, '2020-01-13 17:21:53.608748', 'Y', '天龙八部是金庸大神所写，是一本传奇的武侠小说天龙八部是金庸大神所写，是一本传奇的武侠小说天龙八部是金庸大神所写，是一本传奇的武侠小说', '2020-01-14 11:06:21.482192', 5.0, 0.0, 'N', 'M', 3, 20);
INSERT INTO `book` VALUES (69, '天龙八部', '/1577506514378.png', '金庸', 1, '2020-01-13 17:21:53.608748', 'Y', '天龙八部是金庸大神所写，是一本传奇的武侠小说天龙八部是金庸大神所写，是一本传奇的武侠小说天龙八部是金庸大神所写，是一本传奇的武侠小说', '2020-01-14 11:06:21.482192', 5.0, 0.0, 'N', 'M', 3, 20);
INSERT INTO `book` VALUES (70, '天龙八部', '/1577506514378.png', '金庸', 1, '2020-01-13 17:21:53.608748', 'Y', '天龙八部是金庸大神所写，是一本传奇的武侠小说天龙八部是金庸大神所写，是一本传奇的武侠小说天龙八部是金庸大神所写，是一本传奇的武侠小说', '2020-01-14 11:06:21.482192', 5.0, 0.0, 'N', 'M', 3, 20);
INSERT INTO `book` VALUES (71, '天龙八部', '/1577506514378.png', '金庸', 1, '2020-01-13 17:21:53.608748', 'Y', '天龙八部是金庸大神所写，是一本传奇的武侠小说天龙八部是金庸大神所写，是一本传奇的武侠小说天龙八部是金庸大神所写，是一本传奇的武侠小说', '2020-01-14 11:06:21.482192', 5.0, 0.0, 'N', 'M', 3, 20);
INSERT INTO `book` VALUES (72, '天龙八部', '/1577506514378.png', '金庸', 1, '2020-01-13 17:21:53.608748', 'Y', '天龙八部是金庸大神所写，是一本传奇的武侠小说天龙八部是金庸大神所写，是一本传奇的武侠小说天龙八部是金庸大神所写，是一本传奇的武侠小说', '2020-01-14 11:06:21.482192', 5.0, 0.0, 'N', 'M', 3, 20);
INSERT INTO `book` VALUES (73, '天龙八部', '/1577506514378.png', '金庸', 1, '2020-01-13 17:21:53.608748', 'Y', '天龙八部是金庸大神所写，是一本传奇的武侠小说天龙八部是金庸大神所写，是一本传奇的武侠小说天龙八部是金庸大神所写，是一本传奇的武侠小说', '2020-01-14 11:06:21.482192', 5.0, 0.0, 'N', 'M', 3, 20);
INSERT INTO `book` VALUES (74, '天龙八部', '/1577506514378.png', '金庸', 1, '2020-01-13 17:21:53.608748', 'Y', '天龙八部是金庸大神所写，是一本传奇的武侠小说天龙八部是金庸大神所写，是一本传奇的武侠小说天龙八部是金庸大神所写，是一本传奇的武侠小说', '2020-01-14 11:06:21.482192', 5.0, 0.0, 'N', 'M', 3, 20);
INSERT INTO `book` VALUES (75, '天龙八部', '/1577506514378.png', '金庸', 1, '2020-01-13 17:21:53.608748', 'Y', '天龙八部是金庸大神所写，是一本传奇的武侠小说天龙八部是金庸大神所写，是一本传奇的武侠小说天龙八部是金庸大神所写，是一本传奇的武侠小说', '2020-01-14 11:06:21.482192', 5.0, 0.0, 'N', 'M', 3, 20);
INSERT INTO `book` VALUES (76, '天龙八部', '/1577506514378.png', '金庸', 1, '2020-01-13 17:21:53.608748', 'Y', '天龙八部是金庸大神所写，是一本传奇的武侠小说天龙八部是金庸大神所写，是一本传奇的武侠小说天龙八部是金庸大神所写，是一本传奇的武侠小说', '2020-01-14 11:06:21.482192', 5.0, 0.0, 'N', 'M', 3, 30);
INSERT INTO `book` VALUES (77, '天龙八部', '/1577506514378.png', '金庸', 1, '2020-01-13 17:21:53.608748', 'Y', '天龙八部是金庸大神所写，是一本传奇的武侠小说天龙八部是金庸大神所写，是一本传奇的武侠小说天龙八部是金庸大神所写，是一本传奇的武侠小说', '2020-01-14 11:06:21.482192', 5.0, 0.0, 'N', 'M', 3, 30);
INSERT INTO `book` VALUES (78, '天龙八部', '/1577506514378.png', '金庸', 1, '2020-01-13 17:21:53.608748', 'Y', '天龙八部是金庸大神所写，是一本传奇的武侠小说天龙八部是金庸大神所写，是一本传奇的武侠小说天龙八部是金庸大神所写，是一本传奇的武侠小说', '2020-01-14 11:06:21.482192', 5.0, 0.0, 'N', 'M', 3, 30);
INSERT INTO `book` VALUES (79, '天龙八部', '/1577506514378.png', '金庸', 1, '2020-01-13 17:21:53.608748', 'Y', '天龙八部是金庸大神所写，是一本传奇的武侠小说天龙八部是金庸大神所写，是一本传奇的武侠小说天龙八部是金庸大神所写，是一本传奇的武侠小说', '2020-01-14 11:06:21.482192', 5.0, 0.0, 'N', 'M', 3, 30);
INSERT INTO `book` VALUES (80, '天龙八部', '/1577506514378.png', '金庸', 1, '2020-01-13 17:21:53.608748', 'Y', '天龙八部是金庸大神所写，是一本传奇的武侠小说天龙八部是金庸大神所写，是一本传奇的武侠小说天龙八部是金庸大神所写，是一本传奇的武侠小说', '2020-01-14 11:06:21.482192', 5.0, 0.0, 'N', 'M', 3, 30);
INSERT INTO `book` VALUES (81, '天龙八部', '/1577506514378.png', '金庸', 1, '2020-01-13 17:21:53.608748', 'Y', '天龙八部是金庸大神所写，是一本传奇的武侠小说天龙八部是金庸大神所写，是一本传奇的武侠小说天龙八部是金庸大神所写，是一本传奇的武侠小说', '2020-01-14 11:06:21.482192', 5.0, 0.0, 'N', 'M', 3, 30);
INSERT INTO `book` VALUES (82, '天龙八部', '/1577506514378.png', '金庸', 1, '2020-01-13 17:21:53.608748', 'Y', '天龙八部是金庸大神所写，是一本传奇的武侠小说天龙八部是金庸大神所写，是一本传奇的武侠小说天龙八部是金庸大神所写，是一本传奇的武侠小说', '2020-01-14 11:06:21.482192', 5.0, 0.0, 'N', 'M', 3, 30);
INSERT INTO `book` VALUES (83, '天龙八部', '/1577506514378.png', '金庸', 1, '2020-01-13 17:21:53.608748', 'Y', '天龙八部是金庸大神所写，是一本传奇的武侠小说天龙八部是金庸大神所写，是一本传奇的武侠小说天龙八部是金庸大神所写，是一本传奇的武侠小说', '2020-01-14 11:06:21.482192', 5.0, 0.0, 'N', 'M', 3, 30);
INSERT INTO `book` VALUES (84, '天龙八部', '/1577506514378.png', '金庸', 1, '2020-01-13 17:21:53.608748', 'Y', '天龙八部是金庸大神所写，是一本传奇的武侠小说天龙八部是金庸大神所写，是一本传奇的武侠小说天龙八部是金庸大神所写，是一本传奇的武侠小说', '2020-01-14 11:06:21.482192', 5.0, 0.0, 'N', 'M', 3, 30);
INSERT INTO `book` VALUES (85, '天龙八部', '/1577506514378.png', '金庸', 1, '2020-01-13 17:21:53.608748', 'Y', '天龙八部是金庸大神所写，是一本传奇的武侠小说天龙八部是金庸大神所写，是一本传奇的武侠小说天龙八部是金庸大神所写，是一本传奇的武侠小说', '2020-01-14 11:06:21.482192', 5.0, 0.0, 'N', 'M', 3, 30);
INSERT INTO `book` VALUES (86, '天龙八部', '/1577506514378.png', '金庸', 1, '2020-01-13 17:21:53.608748', 'Y', '天龙八部是金庸大神所写，是一本传奇的武侠小说天龙八部是金庸大神所写，是一本传奇的武侠小说天龙八部是金庸大神所写，是一本传奇的武侠小说', '2020-01-14 11:06:21.482192', 5.0, 0.0, 'N', 'M', 3, 30);
INSERT INTO `book` VALUES (87, '天龙八部', '/1577506514378.png', '金庸', 1, '2020-01-13 17:21:53.608748', 'Y', '天龙八部是金庸大神所写，是一本传奇的武侠小说天龙八部是金庸大神所写，是一本传奇的武侠小说天龙八部是金庸大神所写，是一本传奇的武侠小说', '2020-01-14 11:06:21.482192', 5.0, 0.0, 'N', 'M', 3, 30);
INSERT INTO `book` VALUES (88, '天龙八部', '/1577506514378.png', '金庸', 1, '2020-01-13 17:21:53.608748', 'Y', '天龙八部是金庸大神所写，是一本传奇的武侠小说天龙八部是金庸大神所写，是一本传奇的武侠小说天龙八部是金庸大神所写，是一本传奇的武侠小说', '2020-01-14 11:06:21.482192', 5.0, 0.0, 'N', 'M', 3, 30);
INSERT INTO `book` VALUES (89, '天龙八部', '/1577506514378.png', '金庸', 1, '2020-01-13 17:21:53.608748', 'Y', '天龙八部是金庸大神所写，是一本传奇的武侠小说天龙八部是金庸大神所写，是一本传奇的武侠小说天龙八部是金庸大神所写，是一本传奇的武侠小说', '2020-01-14 11:06:21.482192', 5.0, 0.0, 'N', 'M', 3, 30);
INSERT INTO `book` VALUES (90, '天龙八部', '/1577506514378.png', '金庸', 1, '2020-01-13 17:21:53.608748', 'Y', '天龙八部是金庸大神所写，是一本传奇的武侠小说天龙八部是金庸大神所写，是一本传奇的武侠小说天龙八部是金庸大神所写，是一本传奇的武侠小说', '2020-01-14 11:06:21.482192', 5.0, 0.0, 'N', 'M', 3, 30);
INSERT INTO `book` VALUES (91, '天龙八部', '/1577506514378.png', '金庸', 1, '2020-01-13 17:21:53.608748', 'Y', '天龙八部是金庸大神所写，是一本传奇的武侠小说天龙八部是金庸大神所写，是一本传奇的武侠小说天龙八部是金庸大神所写，是一本传奇的武侠小说', '2020-01-14 11:06:21.482192', 5.0, 0.0, 'N', 'M', 3, 30);
INSERT INTO `book` VALUES (92, '天龙八部', '/1577506514378.png', '金庸', 1, '2020-01-13 17:21:53.608748', 'Y', '天龙八部是金庸大神所写，是一本传奇的武侠小说天龙八部是金庸大神所写，是一本传奇的武侠小说天龙八部是金庸大神所写，是一本传奇的武侠小说', '2020-01-14 11:06:21.482192', 5.0, 0.0, 'N', 'M', 3, 30);
INSERT INTO `book` VALUES (93, '天龙八部', '/1577506514378.png', '金庸', 1, '2020-01-13 17:21:53.608748', 'Y', '天龙八部是金庸大神所写，是一本传奇的武侠小说天龙八部是金庸大神所写，是一本传奇的武侠小说天龙八部是金庸大神所写，是一本传奇的武侠小说', '2020-01-14 11:06:21.482192', 5.0, 0.0, 'N', 'M', 4, 30);
INSERT INTO `book` VALUES (94, '天龙八部', '/1577506514378.png', '金庸', 1, '2020-01-13 17:21:53.608748', 'Y', '天龙八部是金庸大神所写，是一本传奇的武侠小说天龙八部是金庸大神所写，是一本传奇的武侠小说天龙八部是金庸大神所写，是一本传奇的武侠小说', '2020-01-14 11:06:21.482192', 5.0, 0.0, 'N', 'M', 4, 30);
INSERT INTO `book` VALUES (95, '天龙八部', '/1577506514378.png', '金庸', 1, '2020-01-13 17:21:53.608748', 'Y', '天龙八部是金庸大神所写，是一本传奇的武侠小说天龙八部是金庸大神所写，是一本传奇的武侠小说天龙八部是金庸大神所写，是一本传奇的武侠小说', '2020-01-15 14:52:44.173907', 5.0, 0.0, 'N', 'M', 4, 56);
INSERT INTO `book` VALUES (96, '天龙八部', '/1577506514378.png', '金庸', 1, '2020-01-13 17:21:53.608748', 'Y', '天龙八部是金庸大神所写，是一本传奇的武侠小说天龙八部是金庸大神所写，是一本传奇的武侠小说天龙八部是金庸大神所写，是一本传奇的武侠小说', '2020-01-14 11:06:21.482192', 5.0, 0.0, 'N', 'M', 4, 30);
INSERT INTO `book` VALUES (97, '天龙八部', '/1577506514378.png', '金庸', 1, '2020-01-13 17:21:53.608748', 'Y', '天龙八部是金庸大神所写，是一本传奇的武侠小说天龙八部是金庸大神所写，是一本传奇的武侠小说天龙八部是金庸大神所写，是一本传奇的武侠小说', '2020-01-14 11:06:21.482192', 5.0, 0.0, 'N', 'M', 4, 30);
INSERT INTO `book` VALUES (98, '天龙八部', '/1577506514378.png', '金庸', 1, '2020-01-13 17:21:53.608748', 'Y', '天龙八部是金庸大神所写，是一本传奇的武侠小说天龙八部是金庸大神所写，是一本传奇的武侠小说天龙八部是金庸大神所写，是一本传奇的武侠小说', '2020-01-14 11:06:21.482192', 5.0, 0.0, 'N', 'M', 4, 30);
INSERT INTO `book` VALUES (99, '天龙八部', '/1577506514378.png', '金庸', 1, '2020-01-13 17:21:53.608748', 'Y', '天龙八部是金庸大神所写，是一本传奇的武侠小说天龙八部是金庸大神所写，是一本传奇的武侠小说天龙八部是金庸大神所写，是一本传奇的武侠小说', '2020-01-14 11:06:21.482192', 5.0, 0.0, 'N', 'M', 4, 30);
INSERT INTO `book` VALUES (100, '天龙八部', '/1577506514378.png', '金庸', 1, '2020-01-13 17:21:53.608748', 'Y', '天龙八部是金庸大神所写，是一本传奇的武侠小说天龙八部是金庸大神所写，是一本传奇的武侠小说天龙八部是金庸大神所写，是一本传奇的武侠小说', '2020-01-14 11:06:21.482192', 5.0, 0.0, 'N', 'M', 4, 30);
INSERT INTO `book` VALUES (101, '天龙八部', '/1577506514378.png', '金庸', 1, '2020-01-13 17:21:53.608748', 'Y', '天龙八部是金庸大神所写，是一本传奇的武侠小说天龙八部是金庸大神所写，是一本传奇的武侠小说天龙八部是金庸大神所写，是一本传奇的武侠小说', '2020-01-14 11:06:21.482192', 5.0, 0.0, 'N', 'M', 4, 30);
INSERT INTO `book` VALUES (102, '天龙八部', '/1577506514378.png', '金庸', 1, '2020-01-13 17:21:53.608748', 'Y', '天龙八部是金庸大神所写，是一本传奇的武侠小说天龙八部是金庸大神所写，是一本传奇的武侠小说天龙八部是金庸大神所写，是一本传奇的武侠小说', '2020-01-14 11:06:21.482192', 5.0, 0.0, 'N', 'M', 4, 30);
INSERT INTO `book` VALUES (103, '天龙八部', '/1577506514378.png', '金庸', 1, '2020-01-13 17:21:53.608748', 'Y', '天龙八部是金庸大神所写，是一本传奇的武侠小说天龙八部是金庸大神所写，是一本传奇的武侠小说天龙八部是金庸大神所写，是一本传奇的武侠小说', '2020-01-14 11:06:21.482192', 5.0, 0.0, 'N', 'M', 4, 40);
INSERT INTO `book` VALUES (104, '天龙八部', '/1577506514378.png', '金庸', 1, '2020-01-13 17:21:53.608748', 'Y', '天龙八部是金庸大神所写，是一本传奇的武侠小说天龙八部是金庸大神所写，是一本传奇的武侠小说天龙八部是金庸大神所写，是一本传奇的武侠小说', '2020-01-14 11:06:21.482192', 5.0, 0.0, 'N', 'M', 4, 40);
INSERT INTO `book` VALUES (105, '天龙八部', '/1577506514378.png', '金庸', 1, '2020-01-13 17:21:53.608748', 'Y', '天龙八部是金庸大神所写，是一本传奇的武侠小说天龙八部是金庸大神所写，是一本传奇的武侠小说天龙八部是金庸大神所写，是一本传奇的武侠小说', '2020-01-15 14:47:59.060391', 5.0, 0.0, 'N', 'M', 4, 41);
INSERT INTO `book` VALUES (106, '天龙八部', '/1577506514378.png', '金庸', 1, '2020-01-13 17:21:53.608748', 'Y', '天龙八部是金庸大神所写，是一本传奇的武侠小说天龙八部是金庸大神所写，是一本传奇的武侠小说天龙八部是金庸大神所写，是一本传奇的武侠小说', '2020-01-15 14:52:56.405806', 5.0, 0.0, 'N', 'M', 4, 42);
INSERT INTO `book` VALUES (107, '天龙八部', '/1577506514378.png', '金庸', 1, '2020-01-13 17:21:53.608748', 'Y', '天龙八部是金庸大神所写，是一本传奇的武侠小说天龙八部是金庸大神所写，是一本传奇的武侠小说天龙八部是金庸大神所写，是一本传奇的武侠小说', '2020-01-14 11:06:21.482192', 5.0, 0.0, 'N', 'M', 4, 40);
INSERT INTO `book` VALUES (108, '天龙八部', '/1577506514378.png', '金庸', 1, '2020-01-13 17:21:53.608748', 'Y', '天龙八部是金庸大神所写，是一本传奇的武侠小说天龙八部是金庸大神所写，是一本传奇的武侠小说天龙八部是金庸大神所写，是一本传奇的武侠小说', '2020-01-14 11:06:21.482192', 5.0, 0.0, 'N', 'M', 4, 40);
INSERT INTO `book` VALUES (109, '天龙八部', '/1577506514378.png', '金庸', 1, '2020-01-13 17:21:53.608748', 'Y', '天龙八部是金庸大神所写，是一本传奇的武侠小说天龙八部是金庸大神所写，是一本传奇的武侠小说天龙八部是金庸大神所写，是一本传奇的武侠小说', '2020-01-15 14:42:27.067203', 5.0, 0.0, 'N', 'M', 4, 41);
INSERT INTO `book` VALUES (110, '天龙八部', '/1577506514378.png', '金庸', 1, '2020-01-13 17:21:53.608748', 'Y', '天龙八部是金庸大神所写，是一本传奇的武侠小说天龙八部是金庸大神所写，是一本传奇的武侠小说天龙八部是金庸大神所写，是一本传奇的武侠小说', '2020-01-15 14:52:50.012778', 5.0, 0.0, 'N', 'M', 4, 42);
INSERT INTO `book` VALUES (111, '天龙八部', '/1577506514378.png', '金庸', 1, '2020-01-13 17:21:53.608748', 'Y', '天龙八部是金庸大神所写，是一本传奇的武侠小说天龙八部是金庸大神所写，是一本传奇的武侠小说天龙八部是金庸大神所写，是一本传奇的武侠小说', '2020-01-14 11:06:21.482192', 5.0, 0.0, 'N', 'M', 4, 40);
INSERT INTO `book` VALUES (112, '天龙八部', '/1577506514378.png', '金庸', 1, '2020-01-13 17:21:53.608748', 'Y', '天龙八部是金庸大神所写，是一本传奇的武侠小说天龙八部是金庸大神所写，是一本传奇的武侠小说天龙八部是金庸大神所写，是一本传奇的武侠小说', '2020-01-14 11:06:21.482192', 5.0, 0.0, 'N', 'M', 4, 40);
INSERT INTO `book` VALUES (113, '天龙八部', '/1577506514378.png', '金庸', 1, '2020-01-13 17:21:53.608748', 'Y', '天龙八部是金庸大神所写，是一本传奇的武侠小说天龙八部是金庸大神所写，是一本传奇的武侠小说天龙八部是金庸大神所写，是一本传奇的武侠小说', '2020-01-15 14:49:38.910716', 5.0, 0.0, 'N', 'M', 4, 42);
INSERT INTO `book` VALUES (114, '天龙八部', '/1577506514378.png', '金庸', 1, '2020-01-13 17:21:53.608748', 'Y', '天龙八部是金庸大神所写，是一本传奇的武侠小说天龙八部是金庸大神所写，是一本传奇的武侠小说天龙八部是金庸大神所写，是一本传奇的武侠小说', '2020-01-14 11:06:21.482192', 5.0, 0.0, 'N', 'M', 4, 40);
INSERT INTO `book` VALUES (115, '天龙八部', '/1577506514378.png', '金庸', 1, '2020-01-13 17:21:53.608748', 'Y', '天龙八部是金庸大神所写，是一本传奇的武侠小说天龙八部是金庸大神所写，是一本传奇的武侠小说天龙八部是金庸大神所写，是一本传奇的武侠小说', '2020-01-14 11:06:21.482192', 5.0, 0.0, 'N', 'M', 4, 40);
INSERT INTO `book` VALUES (116, '天龙八部', '/1577506514378.png', '金庸', 1, '2020-01-13 17:21:53.608748', 'Y', '天龙八部是金庸大神所写，是一本传奇的武侠小说天龙八部是金庸大神所写，是一本传奇的武侠小说天龙八部是金庸大神所写，是一本传奇的武侠小说', '2020-01-15 14:50:23.860403', 5.0, 0.0, 'N', 'M', 4, 42);
INSERT INTO `book` VALUES (117, '天龙八部', '/1577506514378.png', '金庸', 1, '2020-01-13 17:21:53.608748', 'Y', '天龙八部是金庸大神所写，是一本传奇的武侠小说天龙八部是金庸大神所写，是一本传奇的武侠小说天龙八部是金庸大神所写，是一本传奇的武侠小说', '2020-01-14 11:06:21.482192', 5.0, 0.0, 'N', 'M', 4, 40);
INSERT INTO `book` VALUES (118, '天龙八部', '/1577506514378.png', '金庸', 1, '2020-01-13 17:21:53.608748', 'Y', '天龙八部是金庸大神所写，是一本传奇的武侠小说天龙八部是金庸大神所写，是一本传奇的武侠小说天龙八部是金庸大神所写，是一本传奇的武侠小说', '2020-01-14 11:06:21.482192', 5.0, 0.0, 'N', 'M', 4, 40);
INSERT INTO `book` VALUES (119, '天龙八部', '/1577506514378.png', '金庸', 1, '2020-01-13 17:21:53.608748', 'Y', '天龙八部是金庸大神所写，是一本传奇的武侠小说天龙八部是金庸大神所写，是一本传奇的武侠小说天龙八部是金庸大神所写，是一本传奇的武侠小说', '2020-01-15 14:44:21.461930', 5.0, 0.0, 'N', 'M', 4, 41);
INSERT INTO `book` VALUES (120, '天龙八部', '/1577506514378.png', '金庸', 1, '2020-01-13 17:21:53.608748', 'Y', '天龙八部是金庸大神所写，是一本传奇的武侠小说天龙八部是金庸大神所写，是一本传奇的武侠小说天龙八部是金庸大神所写，是一本传奇的武侠小说', '2020-01-14 11:06:21.482192', 5.0, 0.0, 'N', 'M', 4, 40);
INSERT INTO `book` VALUES (121, '天龙八部', '/1577506514378.png', '金庸', 1, '2020-01-13 17:21:53.608748', 'Y', '天龙八部是金庸大神所写，是一本传奇的武侠小说天龙八部是金庸大神所写，是一本传奇的武侠小说天龙八部是金庸大神所写，是一本传奇的武侠小说', '2020-01-15 14:43:17.293977', 5.0, 0.0, 'N', 'M', 4, 41);
INSERT INTO `book` VALUES (122, '嫡女的生活', '/w.png', '天外飞仙', 1, '2020-01-13 17:21:53.608748', 'Y', '傻白甜楼主辛辛苦苦的供男人升官发财，不料男人有钱就变坏，渣男竟跟亲妹偷腥，还被楼主当场抓奸在床！渣男和白莲婊亲妹一瞅东窗事发，狗急跳墙了竟然想杀楼主灭口！包子楼主盛怒之下不愿再被欺，终于爆发，虐惨渣男白莲婊！', '2020-01-14 11:09:49.259046', 5.0, 0.0, 'N', 'W', 1, 40);
INSERT INTO `book` VALUES (123, '嫡女的生活', '/w.png', '天外飞仙', 1, '2020-01-13 17:21:53.608748', 'Y', '傻白甜楼主辛辛苦苦的供男人升官发财，不料男人有钱就变坏，渣男竟跟亲妹偷腥，还被楼主当场抓奸在床！渣男和白莲婊亲妹一瞅东窗事发，狗急跳墙了竟然想杀楼主灭口！包子楼主盛怒之下不愿再被欺，终于爆发，虐惨渣男白莲婊！', '2020-01-14 11:09:49.259046', 5.0, 0.0, 'N', 'W', 1, 41);
INSERT INTO `book` VALUES (124, '嫡女的生活', '/w.png', '天外飞仙', 1, '2020-01-13 17:21:53.608748', 'Y', '傻白甜楼主辛辛苦苦的供男人升官发财，不料男人有钱就变坏，渣男竟跟亲妹偷腥，还被楼主当场抓奸在床！渣男和白莲婊亲妹一瞅东窗事发，狗急跳墙了竟然想杀楼主灭口！包子楼主盛怒之下不愿再被欺，终于爆发，虐惨渣男白莲婊！', '2020-01-14 11:09:49.259046', 5.0, 0.0, 'N', 'W', 1, 40);
INSERT INTO `book` VALUES (125, '嫡女的生活', '/w.png', '天外飞仙', 1, '2020-01-13 17:21:53.608748', 'Y', '傻白甜楼主辛辛苦苦的供男人升官发财，不料男人有钱就变坏，渣男竟跟亲妹偷腥，还被楼主当场抓奸在床！渣男和白莲婊亲妹一瞅东窗事发，狗急跳墙了竟然想杀楼主灭口！包子楼主盛怒之下不愿再被欺，终于爆发，虐惨渣男白莲婊！', '2020-01-14 11:09:49.259046', 5.0, 0.0, 'N', 'W', 1, 40);
INSERT INTO `book` VALUES (126, '嫡女的生活', '/w.png', '天外飞仙', 1, '2020-01-13 17:21:53.608748', 'Y', '傻白甜楼主辛辛苦苦的供男人升官发财，不料男人有钱就变坏，渣男竟跟亲妹偷腥，还被楼主当场抓奸在床！渣男和白莲婊亲妹一瞅东窗事发，狗急跳墙了竟然想杀楼主灭口！包子楼主盛怒之下不愿再被欺，终于爆发，虐惨渣男白莲婊！', '2020-01-14 11:09:49.259046', 5.0, 0.0, 'N', 'W', 1, 40);
INSERT INTO `book` VALUES (127, '嫡女的生活', '/w.png', '天外飞仙', 1, '2020-01-13 17:21:53.608748', 'Y', '傻白甜楼主辛辛苦苦的供男人升官发财，不料男人有钱就变坏，渣男竟跟亲妹偷腥，还被楼主当场抓奸在床！渣男和白莲婊亲妹一瞅东窗事发，狗急跳墙了竟然想杀楼主灭口！包子楼主盛怒之下不愿再被欺，终于爆发，虐惨渣男白莲婊！', '2020-01-14 11:09:49.259046', 5.0, 0.0, 'N', 'W', 1, 40);
INSERT INTO `book` VALUES (128, '嫡女的生活', '/w.png', '天外飞仙', 1, '2020-01-13 17:21:53.608748', 'Y', '傻白甜楼主辛辛苦苦的供男人升官发财，不料男人有钱就变坏，渣男竟跟亲妹偷腥，还被楼主当场抓奸在床！渣男和白莲婊亲妹一瞅东窗事发，狗急跳墙了竟然想杀楼主灭口！包子楼主盛怒之下不愿再被欺，终于爆发，虐惨渣男白莲婊！', '2020-01-14 11:09:49.259046', 5.0, 0.0, 'N', 'W', 1, 40);
INSERT INTO `book` VALUES (129, '嫡女的生活', '/w.png', '天外飞仙', 1, '2020-01-13 17:21:53.608748', 'Y', '傻白甜楼主辛辛苦苦的供男人升官发财，不料男人有钱就变坏，渣男竟跟亲妹偷腥，还被楼主当场抓奸在床！渣男和白莲婊亲妹一瞅东窗事发，狗急跳墙了竟然想杀楼主灭口！包子楼主盛怒之下不愿再被欺，终于爆发，虐惨渣男白莲婊！', '2020-01-14 11:09:49.259046', 5.0, 0.0, 'N', 'W', 1, 40);
INSERT INTO `book` VALUES (130, '嫡女的生活', '/w.png', '天外飞仙', 1, '2020-01-13 17:21:53.608748', 'Y', '傻白甜楼主辛辛苦苦的供男人升官发财，不料男人有钱就变坏，渣男竟跟亲妹偷腥，还被楼主当场抓奸在床！渣男和白莲婊亲妹一瞅东窗事发，狗急跳墙了竟然想杀楼主灭口！包子楼主盛怒之下不愿再被欺，终于爆发，虐惨渣男白莲婊！', '2020-01-14 11:09:49.259046', 5.0, 0.0, 'N', 'W', 1, 40);
INSERT INTO `book` VALUES (131, '嫡女的生活', '/w.png', '天外飞仙', 1, '2020-01-13 17:21:53.608748', 'Y', '傻白甜楼主辛辛苦苦的供男人升官发财，不料男人有钱就变坏，渣男竟跟亲妹偷腥，还被楼主当场抓奸在床！渣男和白莲婊亲妹一瞅东窗事发，狗急跳墙了竟然想杀楼主灭口！包子楼主盛怒之下不愿再被欺，终于爆发，虐惨渣男白莲婊！', '2020-01-14 11:09:49.259046', 5.0, 0.0, 'N', 'W', 1, 40);
INSERT INTO `book` VALUES (132, '嫡女的生活', '/w.png', '天外飞仙', 1, '2020-01-13 17:21:53.608748', 'Y', '傻白甜楼主辛辛苦苦的供男人升官发财，不料男人有钱就变坏，渣男竟跟亲妹偷腥，还被楼主当场抓奸在床！渣男和白莲婊亲妹一瞅东窗事发，狗急跳墙了竟然想杀楼主灭口！包子楼主盛怒之下不愿再被欺，终于爆发，虐惨渣男白莲婊！', '2020-01-14 11:09:49.259046', 5.0, 0.0, 'N', 'W', 1, 40);
INSERT INTO `book` VALUES (133, '嫡女的生活', '/w.png', '天外飞仙', 1, '2020-01-13 17:21:53.608748', 'Y', '傻白甜楼主辛辛苦苦的供男人升官发财，不料男人有钱就变坏，渣男竟跟亲妹偷腥，还被楼主当场抓奸在床！渣男和白莲婊亲妹一瞅东窗事发，狗急跳墙了竟然想杀楼主灭口！包子楼主盛怒之下不愿再被欺，终于爆发，虐惨渣男白莲婊！', '2020-01-14 11:09:49.259046', 5.0, 0.0, 'N', 'W', 1, 40);
INSERT INTO `book` VALUES (134, '嫡女的生活', '/w.png', '天外飞仙', 1, '2020-01-13 17:21:53.608748', 'Y', '傻白甜楼主辛辛苦苦的供男人升官发财，不料男人有钱就变坏，渣男竟跟亲妹偷腥，还被楼主当场抓奸在床！渣男和白莲婊亲妹一瞅东窗事发，狗急跳墙了竟然想杀楼主灭口！包子楼主盛怒之下不愿再被欺，终于爆发，虐惨渣男白莲婊！', '2020-01-14 11:09:49.259046', 5.0, 0.0, 'N', 'W', 1, 40);
INSERT INTO `book` VALUES (135, '嫡女的生活', '/w.png', '天外飞仙', 1, '2020-01-13 17:21:53.608748', 'Y', '傻白甜楼主辛辛苦苦的供男人升官发财，不料男人有钱就变坏，渣男竟跟亲妹偷腥，还被楼主当场抓奸在床！渣男和白莲婊亲妹一瞅东窗事发，狗急跳墙了竟然想杀楼主灭口！包子楼主盛怒之下不愿再被欺，终于爆发，虐惨渣男白莲婊！', '2020-01-14 11:09:49.259046', 5.0, 0.0, 'N', 'W', 1, 40);
INSERT INTO `book` VALUES (136, '嫡女的生活', '/w.png', '天外飞仙', 1, '2020-01-13 17:21:53.608748', 'Y', '傻白甜楼主辛辛苦苦的供男人升官发财，不料男人有钱就变坏，渣男竟跟亲妹偷腥，还被楼主当场抓奸在床！渣男和白莲婊亲妹一瞅东窗事发，狗急跳墙了竟然想杀楼主灭口！包子楼主盛怒之下不愿再被欺，终于爆发，虐惨渣男白莲婊！', '2020-01-15 14:40:52.213393', 5.0, 0.0, 'N', 'W', 1, 51);
INSERT INTO `book` VALUES (137, '嫡女的生活', '/w.png', '天外飞仙', 1, '2020-01-13 17:21:53.608748', 'Y', '傻白甜楼主辛辛苦苦的供男人升官发财，不料男人有钱就变坏，渣男竟跟亲妹偷腥，还被楼主当场抓奸在床！渣男和白莲婊亲妹一瞅东窗事发，狗急跳墙了竟然想杀楼主灭口！包子楼主盛怒之下不愿再被欺，终于爆发，虐惨渣男白莲婊！', '2020-01-15 14:40:13.869757', 5.0, 0.0, 'N', 'W', 1, 51);
INSERT INTO `book` VALUES (138, '嫡女的生活', '/w.png', '天外飞仙', 1, '2020-01-13 17:21:53.608748', 'Y', '傻白甜楼主辛辛苦苦的供男人升官发财，不料男人有钱就变坏，渣男竟跟亲妹偷腥，还被楼主当场抓奸在床！渣男和白莲婊亲妹一瞅东窗事发，狗急跳墙了竟然想杀楼主灭口！包子楼主盛怒之下不愿再被欺，终于爆发，虐惨渣男白莲婊！', '2020-01-14 11:09:49.259046', 5.0, 0.0, 'N', 'W', 2, 50);
INSERT INTO `book` VALUES (139, '嫡女的生活', '/w.png', '天外飞仙', 1, '2020-01-13 17:21:53.608748', 'Y', '傻白甜楼主辛辛苦苦的供男人升官发财，不料男人有钱就变坏，渣男竟跟亲妹偷腥，还被楼主当场抓奸在床！渣男和白莲婊亲妹一瞅东窗事发，狗急跳墙了竟然想杀楼主灭口！包子楼主盛怒之下不愿再被欺，终于爆发，虐惨渣男白莲婊！', '2020-01-15 14:41:28.759369', 5.0, 0.0, 'N', 'W', 2, 51);
INSERT INTO `book` VALUES (140, '嫡女的生活', '/w.png', '天外飞仙', 1, '2020-01-13 17:21:53.608748', 'Y', '傻白甜楼主辛辛苦苦的供男人升官发财，不料男人有钱就变坏，渣男竟跟亲妹偷腥，还被楼主当场抓奸在床！渣男和白莲婊亲妹一瞅东窗事发，狗急跳墙了竟然想杀楼主灭口！包子楼主盛怒之下不愿再被欺，终于爆发，虐惨渣男白莲婊！', '2020-01-14 11:09:49.259046', 5.0, 0.0, 'N', 'W', 2, 50);
INSERT INTO `book` VALUES (141, '嫡女的生活', '/w.png', '天外飞仙', 1, '2020-01-13 17:21:53.608748', 'Y', '傻白甜楼主辛辛苦苦的供男人升官发财，不料男人有钱就变坏，渣男竟跟亲妹偷腥，还被楼主当场抓奸在床！渣男和白莲婊亲妹一瞅东窗事发，狗急跳墙了竟然想杀楼主灭口！包子楼主盛怒之下不愿再被欺，终于爆发，虐惨渣男白莲婊！', '2020-01-14 11:09:49.259046', 5.0, 0.0, 'N', 'W', 2, 50);
INSERT INTO `book` VALUES (142, '嫡女的生活', '/w.png', '天外飞仙', 1, '2020-01-13 17:21:53.608748', 'Y', '傻白甜楼主辛辛苦苦的供男人升官发财，不料男人有钱就变坏，渣男竟跟亲妹偷腥，还被楼主当场抓奸在床！渣男和白莲婊亲妹一瞅东窗事发，狗急跳墙了竟然想杀楼主灭口！包子楼主盛怒之下不愿再被欺，终于爆发，虐惨渣男白莲婊！', '2020-01-15 15:39:23.235175', 5.0, 0.0, 'N', 'W', 2, 51);
INSERT INTO `book` VALUES (143, '嫡女的生活', '/w.png', '天外飞仙', 1, '2020-01-13 17:21:53.608748', 'Y', '傻白甜楼主辛辛苦苦的供男人升官发财，不料男人有钱就变坏，渣男竟跟亲妹偷腥，还被楼主当场抓奸在床！渣男和白莲婊亲妹一瞅东窗事发，狗急跳墙了竟然想杀楼主灭口！包子楼主盛怒之下不愿再被欺，终于爆发，虐惨渣男白莲婊！', '2020-01-14 11:09:49.259046', 5.0, 0.0, 'N', 'W', 2, 50);
INSERT INTO `book` VALUES (144, '嫡女的生活', '/w.png', '天外飞仙', 1, '2020-01-13 17:21:53.608748', 'Y', '傻白甜楼主辛辛苦苦的供男人升官发财，不料男人有钱就变坏，渣男竟跟亲妹偷腥，还被楼主当场抓奸在床！渣男和白莲婊亲妹一瞅东窗事发，狗急跳墙了竟然想杀楼主灭口！包子楼主盛怒之下不愿再被欺，终于爆发，虐惨渣男白莲婊！', '2020-01-14 11:09:49.259046', 5.0, 0.0, 'N', 'W', 2, 50);
INSERT INTO `book` VALUES (145, '嫡女的生活', '/w.png', '天外飞仙', 1, '2020-01-13 17:21:53.608748', 'Y', '傻白甜楼主辛辛苦苦的供男人升官发财，不料男人有钱就变坏，渣男竟跟亲妹偷腥，还被楼主当场抓奸在床！渣男和白莲婊亲妹一瞅东窗事发，狗急跳墙了竟然想杀楼主灭口！包子楼主盛怒之下不愿再被欺，终于爆发，虐惨渣男白莲婊！', '2020-01-14 11:09:49.259046', 5.0, 0.0, 'N', 'W', 2, 50);
INSERT INTO `book` VALUES (146, '嫡女的生活', '/w.png', '天外飞仙', 1, '2020-01-13 17:21:53.608748', 'Y', '傻白甜楼主辛辛苦苦的供男人升官发财，不料男人有钱就变坏，渣男竟跟亲妹偷腥，还被楼主当场抓奸在床！渣男和白莲婊亲妹一瞅东窗事发，狗急跳墙了竟然想杀楼主灭口！包子楼主盛怒之下不愿再被欺，终于爆发，虐惨渣男白莲婊！', '2020-01-14 11:09:49.259046', 5.0, 0.0, 'N', 'W', 3, 50);
INSERT INTO `book` VALUES (147, '嫡女的生活', '/w.png', '天外飞仙', 1, '2020-01-13 17:21:53.608748', 'Y', '傻白甜楼主辛辛苦苦的供男人升官发财，不料男人有钱就变坏，渣男竟跟亲妹偷腥，还被楼主当场抓奸在床！渣男和白莲婊亲妹一瞅东窗事发，狗急跳墙了竟然想杀楼主灭口！包子楼主盛怒之下不愿再被欺，终于爆发，虐惨渣男白莲婊！', '2020-01-14 11:09:49.259046', 5.0, 0.0, 'N', 'W', 3, 50);
INSERT INTO `book` VALUES (148, '嫡女的生活', '/w.png', '天外飞仙', 1, '2020-01-13 17:21:53.608748', 'Y', '傻白甜楼主辛辛苦苦的供男人升官发财，不料男人有钱就变坏，渣男竟跟亲妹偷腥，还被楼主当场抓奸在床！渣男和白莲婊亲妹一瞅东窗事发，狗急跳墙了竟然想杀楼主灭口！包子楼主盛怒之下不愿再被欺，终于爆发，虐惨渣男白莲婊！', '2020-01-14 11:09:49.259046', 5.0, 0.0, 'N', 'W', 3, 50);
INSERT INTO `book` VALUES (149, '嫡女的生活', '/w.png', '天外飞仙', 1, '2020-01-13 17:21:53.608748', 'Y', '傻白甜楼主辛辛苦苦的供男人升官发财，不料男人有钱就变坏，渣男竟跟亲妹偷腥，还被楼主当场抓奸在床！渣男和白莲婊亲妹一瞅东窗事发，狗急跳墙了竟然想杀楼主灭口！包子楼主盛怒之下不愿再被欺，终于爆发，虐惨渣男白莲婊！', '2020-01-14 11:09:49.259046', 5.0, 0.0, 'N', 'W', 3, 50);
INSERT INTO `book` VALUES (150, '嫡女的生活', '/w.png', '天外飞仙', 1, '2020-01-13 17:21:53.608748', 'Y', '傻白甜楼主辛辛苦苦的供男人升官发财，不料男人有钱就变坏，渣男竟跟亲妹偷腥，还被楼主当场抓奸在床！渣男和白莲婊亲妹一瞅东窗事发，狗急跳墙了竟然想杀楼主灭口！包子楼主盛怒之下不愿再被欺，终于爆发，虐惨渣男白莲婊！', '2020-01-14 11:09:49.259046', 5.0, 0.0, 'N', 'W', 3, 50);
INSERT INTO `book` VALUES (151, '嫡女的生活', '/w.png', '天外飞仙', 1, '2020-01-13 17:21:53.608748', 'Y', '傻白甜楼主辛辛苦苦的供男人升官发财，不料男人有钱就变坏，渣男竟跟亲妹偷腥，还被楼主当场抓奸在床！渣男和白莲婊亲妹一瞅东窗事发，狗急跳墙了竟然想杀楼主灭口！包子楼主盛怒之下不愿再被欺，终于爆发，虐惨渣男白莲婊！', '2020-01-14 11:09:49.259046', 5.0, 0.0, 'N', 'W', 3, 50);
INSERT INTO `book` VALUES (152, '嫡女的生活', '/w.png', '天外飞仙', 1, '2020-01-13 17:21:53.608748', 'Y', '傻白甜楼主辛辛苦苦的供男人升官发财，不料男人有钱就变坏，渣男竟跟亲妹偷腥，还被楼主当场抓奸在床！渣男和白莲婊亲妹一瞅东窗事发，狗急跳墙了竟然想杀楼主灭口！包子楼主盛怒之下不愿再被欺，终于爆发，虐惨渣男白莲婊！', '2020-01-14 11:09:49.259046', 5.0, 0.0, 'N', 'W', 3, 50);
INSERT INTO `book` VALUES (153, '嫡女的生活', '/w.png', '天外飞仙', 1, '2020-01-13 17:21:53.608748', 'Y', '傻白甜楼主辛辛苦苦的供男人升官发财，不料男人有钱就变坏，渣男竟跟亲妹偷腥，还被楼主当场抓奸在床！渣男和白莲婊亲妹一瞅东窗事发，狗急跳墙了竟然想杀楼主灭口！包子楼主盛怒之下不愿再被欺，终于爆发，虐惨渣男白莲婊！', '2020-01-14 11:09:49.259046', 5.0, 0.0, 'N', 'W', 4, 50);
INSERT INTO `book` VALUES (154, '嫡女的生活', '/w.png', '天外飞仙', 1, '2020-01-13 17:21:53.608748', 'Y', '傻白甜楼主辛辛苦苦的供男人升官发财，不料男人有钱就变坏，渣男竟跟亲妹偷腥，还被楼主当场抓奸在床！渣男和白莲婊亲妹一瞅东窗事发，狗急跳墙了竟然想杀楼主灭口！包子楼主盛怒之下不愿再被欺，终于爆发，虐惨渣男白莲婊！', '2020-01-14 11:09:49.259046', 5.0, 0.0, 'N', 'W', 4, 50);
INSERT INTO `book` VALUES (155, '嫡女的生活', '/w.png', '天外飞仙', 1, '2020-01-13 17:21:53.608748', 'Y', '傻白甜楼主辛辛苦苦的供男人升官发财，不料男人有钱就变坏，渣男竟跟亲妹偷腥，还被楼主当场抓奸在床！渣男和白莲婊亲妹一瞅东窗事发，狗急跳墙了竟然想杀楼主灭口！包子楼主盛怒之下不愿再被欺，终于爆发，虐惨渣男白莲婊！', '2020-01-14 11:09:49.259046', 5.0, 0.0, 'N', 'W', 4, 50);
INSERT INTO `book` VALUES (156, '嫡女的生活', '/w.png', '天外飞仙', 1, '2020-01-13 17:21:53.608748', 'Y', '傻白甜楼主辛辛苦苦的供男人升官发财，不料男人有钱就变坏，渣男竟跟亲妹偷腥，还被楼主当场抓奸在床！渣男和白莲婊亲妹一瞅东窗事发，狗急跳墙了竟然想杀楼主灭口！包子楼主盛怒之下不愿再被欺，终于爆发，虐惨渣男白莲婊！', '2020-01-14 11:09:49.259046', 5.0, 0.0, 'N', 'W', 4, 50);
INSERT INTO `book` VALUES (157, '嫡女的生活', '/w.png', '天外飞仙', 1, '2020-01-13 17:21:53.608748', 'Y', '傻白甜楼主辛辛苦苦的供男人升官发财，不料男人有钱就变坏，渣男竟跟亲妹偷腥，还被楼主当场抓奸在床！渣男和白莲婊亲妹一瞅东窗事发，狗急跳墙了竟然想杀楼主灭口！包子楼主盛怒之下不愿再被欺，终于爆发，虐惨渣男白莲婊！', '2020-01-14 11:09:49.259046', 5.0, 0.0, 'N', 'W', 4, 50);
INSERT INTO `book` VALUES (158, '嫡女的生活', '/w.png', '天外飞仙', 1, '2020-01-13 17:21:53.608748', 'Y', '傻白甜楼主辛辛苦苦的供男人升官发财，不料男人有钱就变坏，渣男竟跟亲妹偷腥，还被楼主当场抓奸在床！渣男和白莲婊亲妹一瞅东窗事发，狗急跳墙了竟然想杀楼主灭口！包子楼主盛怒之下不愿再被欺，终于爆发，虐惨渣男白莲婊！', '2020-01-14 11:09:49.259046', 5.0, 0.0, 'N', 'W', 4, 50);
INSERT INTO `book` VALUES (159, '嫡女的生活', '/w.png', '天外飞仙', 1, '2020-01-13 17:21:53.608748', 'Y', '傻白甜楼主辛辛苦苦的供男人升官发财，不料男人有钱就变坏，渣男竟跟亲妹偷腥，还被楼主当场抓奸在床！渣男和白莲婊亲妹一瞅东窗事发，狗急跳墙了竟然想杀楼主灭口！包子楼主盛怒之下不愿再被欺，终于爆发，虐惨渣男白莲婊！', '2020-01-14 11:09:49.259046', 5.0, 0.0, 'N', 'W', 4, 50);
INSERT INTO `book` VALUES (160, '嫡女的生活', '/w.png', '天外飞仙', 1, '2020-01-13 17:21:53.608748', 'Y', '傻白甜楼主辛辛苦苦的供男人升官发财，不料男人有钱就变坏，渣男竟跟亲妹偷腥，还被楼主当场抓奸在床！渣男和白莲婊亲妹一瞅东窗事发，狗急跳墙了竟然想杀楼主灭口！包子楼主盛怒之下不愿再被欺，终于爆发，虐惨渣男白莲婊！', '2020-01-14 11:09:49.259046', 5.0, 0.0, 'N', 'W', 4, 50);
INSERT INTO `book` VALUES (161, '嫡女的生活', '/w.png', '天外飞仙', 1, '2020-01-13 17:21:53.608748', 'Y', '傻白甜楼主辛辛苦苦的供男人升官发财，不料男人有钱就变坏，渣男竟跟亲妹偷腥，还被楼主当场抓奸在床！渣男和白莲婊亲妹一瞅东窗事发，狗急跳墙了竟然想杀楼主灭口！包子楼主盛怒之下不愿再被欺，终于爆发，虐惨渣男白莲婊！', '2020-01-14 11:09:49.259046', 5.0, 0.0, 'N', 'W', 4, 50);
INSERT INTO `book` VALUES (162, '嫡女的生活', '/w.png', '天外飞仙', 1, '2020-01-13 17:21:53.608748', 'Y', '傻白甜楼主辛辛苦苦的供男人升官发财，不料男人有钱就变坏，渣男竟跟亲妹偷腥，还被楼主当场抓奸在床！渣男和白莲婊亲妹一瞅东窗事发，狗急跳墙了竟然想杀楼主灭口！包子楼主盛怒之下不愿再被欺，终于爆发，虐惨渣男白莲婊！', '2020-01-14 11:09:49.259046', 5.0, 0.0, 'N', 'W', 4, 50);

-- ----------------------------
-- Table structure for book_comment
-- ----------------------------
DROP TABLE IF EXISTS `book_comment`;
CREATE TABLE `book_comment`  (
  `comment_id` int(11) NOT NULL AUTO_INCREMENT COMMENT '评论id',
  `user_id` int(11) NOT NULL COMMENT '用户id',
  `book_id` int(11) NOT NULL COMMENT '书本id',
  `nick_name` varchar(255) CHARACTER SET utf8 COLLATE utf8_general_ci NOT NULL COMMENT '用户名称',
  `content` varchar(255) CHARACTER SET utf8 COLLATE utf8_general_ci NOT NULL COMMENT '评论内容',
  `createtime` datetime(0) NULL DEFAULT NULL COMMENT '创建时间',
  `head_portrait` varchar(255) CHARACTER SET utf8 COLLATE utf8_general_ci NULL DEFAULT NULL COMMENT '头像',
  `like_number` int(5) NOT NULL DEFAULT 0 COMMENT '点赞',
  PRIMARY KEY (`comment_id`) USING BTREE
) ENGINE = MyISAM AUTO_INCREMENT = 17 CHARACTER SET = utf8 COLLATE = utf8_general_ci ROW_FORMAT = Dynamic;

-- ----------------------------
-- Records of book_comment
-- ----------------------------
INSERT INTO `book_comment` VALUES (1, 11, 1, 'eye', '好看！', '2020-01-06 16:18:33', '/avatar_21.jpg', 10);
INSERT INTO `book_comment` VALUES (2, 11, 44, 'eye', '我的评论-我的评论', '2020-01-10 14:17:15', '/avatar_21.jpg', 12);
INSERT INTO `book_comment` VALUES (3, 11, 44, 'eye', '我的评论-我的评论', '2020-01-10 14:17:20', '/avatar_21.jpg', 12);
INSERT INTO `book_comment` VALUES (4, 11, 44, 'eye', '我的评论-我的评论', '2020-01-10 14:17:23', '/avatar_21.jpg', 14);
INSERT INTO `book_comment` VALUES (5, 11, 44, 'eye', '我的评论-我的评论', '2020-01-10 14:17:26', '/avatar_21.jpg', 12);
INSERT INTO `book_comment` VALUES (6, 11, 44, 'eye', '我的评论-我的评论', '2020-01-10 14:17:29', '/avatar_21.jpg', 13);
INSERT INTO `book_comment` VALUES (7, 11, 44, 'kyle', '哈哈哈', '2020-01-13 10:35:31', '/avatar_21.jpg', 3);
INSERT INTO `book_comment` VALUES (8, 11, 44, 'kyle', '哈哈哈', '2020-01-13 10:35:33', '/avatar_21.jpg', 3);
INSERT INTO `book_comment` VALUES (9, 11, 44, 'kyle', '哈哈哈', '2020-01-13 10:35:46', '/avatar_21.jpg', 2);
INSERT INTO `book_comment` VALUES (10, 11, 44, 'kyle', '我得评论', '2020-01-13 10:36:54', '/avatar_21.jpg', 2);
INSERT INTO `book_comment` VALUES (11, 11, 44, 'kyle', '23232', '2020-01-13 10:37:11', '/avatar_21.jpg', 2);
INSERT INTO `book_comment` VALUES (12, 11, 44, 'kyle', '我的', '2020-01-13 10:37:43', '/avatar_21.jpg', 5);
INSERT INTO `book_comment` VALUES (13, 11, 44, 'kyle', '6666666', '2020-01-13 10:38:13', '/avatar_21.jpg', 4);
INSERT INTO `book_comment` VALUES (14, 11, 44, 'kyle', '6666666', '2020-01-13 10:38:37', '/avatar_21.jpg', 2);
INSERT INTO `book_comment` VALUES (15, 11, 43, 'kyle', '66666', '2020-01-13 16:10:19', '/avatar_21.jpg', 1);
INSERT INTO `book_comment` VALUES (16, 11, 123, 'kyle', '666666', '2020-01-13 17:57:33', '/avatar_21.jpg', 1);

-- ----------------------------
-- Table structure for book_type
-- ----------------------------
DROP TABLE IF EXISTS `book_type`;
CREATE TABLE `book_type`  (
  `type_id` int(11) NOT NULL,
  `title` varchar(255) CHARACTER SET utf8 COLLATE utf8_general_ci NOT NULL,
  PRIMARY KEY (`type_id`) USING BTREE
) ENGINE = MyISAM CHARACTER SET = utf8 COLLATE = utf8_general_ci ROW_FORMAT = Dynamic;

-- ----------------------------
-- Records of book_type
-- ----------------------------
INSERT INTO `book_type` VALUES (1, '白金作品');
INSERT INTO `book_type` VALUES (2, '主编力荐');
INSERT INTO `book_type` VALUES (3, '新作抢读');
INSERT INTO `book_type` VALUES (4, '限时免费');

-- ----------------------------
-- Table structure for buy_order
-- ----------------------------
DROP TABLE IF EXISTS `buy_order`;
CREATE TABLE `buy_order`  (
  `order_id` int(20) NOT NULL AUTO_INCREMENT COMMENT '订单id',
  `user_id` int(20) NOT NULL COMMENT '下单用户id',
  `order_number` varchar(255) CHARACTER SET utf8 COLLATE utf8_general_ci NOT NULL COMMENT '订单编号',
  `order_money` float(255, 0) NOT NULL COMMENT '消费金额',
  `buy_book_id` int(20) NULL DEFAULT NULL,
  PRIMARY KEY (`order_id`) USING BTREE
) ENGINE = MyISAM AUTO_INCREMENT = 45 CHARACTER SET = utf8 COLLATE = utf8_general_ci ROW_FORMAT = Dynamic;

-- ----------------------------
-- Table structure for chapter
-- ----------------------------
DROP TABLE IF EXISTS `chapter`;
CREATE TABLE `chapter`  (
  `chapter_id` int(11) NOT NULL AUTO_INCREMENT COMMENT '章节id',
  `book_id` int(11) NULL DEFAULT NULL COMMENT '书本id',
  `chapter_name` varchar(255) CHARACTER SET utf8 COLLATE utf8_general_ci NULL DEFAULT NULL COMMENT '章节标题',
  `order_num` int(11) NULL DEFAULT NULL COMMENT '排序',
  `content` longtext CHARACTER SET utf8 COLLATE utf8_general_ci NULL COMMENT '内容',
  `createtime` datetime(6) NULL DEFAULT NULL COMMENT '创建时间',
  `uptime` datetime(6) NULL DEFAULT NULL ON UPDATE CURRENT_TIMESTAMP(6) COMMENT '更新时间',
  PRIMARY KEY (`chapter_id`) USING BTREE
) ENGINE = MyISAM AUTO_INCREMENT = 6 CHARACTER SET = utf8 COLLATE = utf8_general_ci ROW_FORMAT = Dynamic;

-- ----------------------------
-- Records of chapter
-- ----------------------------
INSERT INTO `chapter` VALUES (1, 47, '第一章：测试一', 0, '测试一测试一测试一测试一测试一测试一测试一测试一测试一测试一测试一测试一测试一', '2020-01-17 12:12:52.000000', '2020-01-17 16:21:04.466377');
INSERT INTO `chapter` VALUES (2, 47, '第二章：测试二', 1, '测试二测试二测试二测试二测试二测试二测试二测试二测试二测试二测试二测试二', '2020-01-17 12:13:16.000000', '2020-01-17 16:21:04.466377');
INSERT INTO `chapter` VALUES (3, 47, '第三章：测试三', 2, '测试章节三-测试章节三-测试章节三-测试章节三-测试章节三-测试章节三-测试章节三-测试章节三-测试章节三-测试章节三-测试章节三-测试章节三-测试章节三-测试章节三-测试章节三-测试章节三-测试章节三-测试章节三-测试章节三-测试章节三-测试章节三-测试章节三-测试章节三-测试章节三-测试章节三-测试章节三-测试章节三-测试章节三-测试章节三-测试章节三-测试章节三-测试章节三-测试章节三-测试章节三-测试章节三-测试章节三-', NULL, '2020-01-17 16:21:03.701070');
INSERT INTO `chapter` VALUES (4, 47, '第四章：测试四', 3, '测试四-测试四-测试四-测试四-测试四-测试四-测试四-测试四-测试四-测试四-测试四-测试四-测试四-测试四-测试四-测试四-测试四-测试四-测试四-测试四-测试四-测试四-测试四-测试四-测试四-测试四-测试四-测试四-测试四-测试四-测试四-测试四-测试四-测试四-测试四-测试四-测试四-测试四-测试四-测试四-测试四-测试四-测试四-测试四-测试四-测试四-测试四-测试四-测试四-测试四-测试四-测试四-测试四-测试四-测试四-', NULL, '2020-01-17 16:21:03.701070');
INSERT INTO `chapter` VALUES (5, 47, '第五章：测试五', 4, '测试五---------测试五---------测试五---------测试五---------测试五---------测试五---------测试五---------测试五---------测试五---------测试五---------测试五---------测试五---------测试五---------测试五---------测试五---------测试五---------测试五---------测试五---------测试五---------测试五---------\n\n\n\n\n测试五---------\n\n测试五---------\n\n\n测试五---------\n\n测试五---------\n\n\n测试五---------\n\n测试五---------', '2020-01-17 16:19:24.944000', '2020-01-17 16:21:03.701070');

-- ----------------------------
-- Table structure for sort
-- ----------------------------
DROP TABLE IF EXISTS `sort`;
CREATE TABLE `sort`  (
  `id` int(11) NOT NULL AUTO_INCREMENT,
  `sortname` varchar(255) CHARACTER SET utf8 COLLATE utf8_general_ci NOT NULL COMMENT '1、玄幻，2、言情、3历史、4都市、5文学、6动漫',
  PRIMARY KEY (`id`) USING BTREE
) ENGINE = MyISAM AUTO_INCREMENT = 7 CHARACTER SET = utf8 COLLATE = utf8_general_ci ROW_FORMAT = Dynamic;

-- ----------------------------
-- Records of sort
-- ----------------------------
INSERT INTO `sort` VALUES (1, '玄幻');
INSERT INTO `sort` VALUES (2, '言情');
INSERT INTO `sort` VALUES (3, '历史');
INSERT INTO `sort` VALUES (4, '都市');
INSERT INTO `sort` VALUES (5, '文学');
INSERT INTO `sort` VALUES (6, '动漫');

-- ----------------------------
-- Table structure for user_info
-- ----------------------------
DROP TABLE IF EXISTS `user_info`;
CREATE TABLE `user_info`  (
  `info_id` int(11) NOT NULL AUTO_INCREMENT,
  `user_id` int(11) NULL DEFAULT NULL COMMENT '对应users表id',
  `collection_book_ids` varchar(500) CHARACTER SET utf8 COLLATE utf8_general_ci NULL DEFAULT NULL COMMENT '收藏书本',
  `cart_book_ids` varchar(500) CHARACTER SET utf8 COLLATE utf8_general_ci NULL DEFAULT NULL COMMENT '购物侧书本id',
  `buy_book_ids` varchar(500) CHARACTER SET utf8 COLLATE utf8_general_ci NULL DEFAULT NULL,
  `like_book_comment` varchar(500) CHARACTER SET utf8 COLLATE utf8_general_ci NULL DEFAULT NULL,
  PRIMARY KEY (`info_id`) USING BTREE
) ENGINE = MyISAM AUTO_INCREMENT = 2 CHARACTER SET = utf8 COLLATE = utf8_general_ci ROW_FORMAT = Dynamic;

-- ----------------------------
-- Records of user_info
-- ----------------------------
INSERT INTO `user_info` VALUES (1, 11, '95,110,106,142,47', '', '', '');

-- ----------------------------
-- Table structure for users
-- ----------------------------
DROP TABLE IF EXISTS `users`;
CREATE TABLE `users`  (
  `id` int(11) NOT NULL AUTO_INCREMENT,
  `username` varchar(32) CHARACTER SET utf8 COLLATE utf8_general_ci NOT NULL,
  `password` varchar(32) CHARACTER SET utf8 COLLATE utf8_general_ci NOT NULL,
  `qq` varchar(32) CHARACTER SET utf8 COLLATE utf8_general_ci NOT NULL,
  `nickname` varchar(255) CHARACTER SET utf8 COLLATE utf8_general_ci NULL DEFAULT NULL,
  `head_portrait` varchar(255) CHARACTER SET utf8 COLLATE utf8_general_ci NULL DEFAULT NULL,
  `account` float(20, 0) NULL DEFAULT NULL,
  `createtime` datetime(6) NULL DEFAULT NULL,
  `uptime` datetime(6) NULL DEFAULT NULL ON UPDATE CURRENT_TIMESTAMP(6),
  `logintime` datetime(6) NULL DEFAULT NULL,
  `is_vip` varchar(10) CHARACTER SET utf8 COLLATE utf8_general_ci NOT NULL DEFAULT 'N' COMMENT '是否是vip  Y是  N否',
  PRIMARY KEY (`id`) USING BTREE
) ENGINE = MyISAM AUTO_INCREMENT = 12 CHARACTER SET = utf8 COLLATE = utf8_general_ci ROW_FORMAT = Dynamic;

-- ----------------------------
-- Records of users
-- ----------------------------
INSERT INTO `users` VALUES (11, 'eye', 'ff57fddeb2732054faf38544f6049018', '408588023', 'kyle', '/avatar_21.jpg', 4, '2019-12-29 10:29:42.000000', '2020-01-17 16:56:44.358408', '2020-01-17 16:56:44.355000', 'N');

SET FOREIGN_KEY_CHECKS = 1;
